Vance Schwartz,U90239305,B4584,LUNES,12:06,18:46
Leslie Neal,U18863892,A7844,VIERNES,0:03,10:19
Finn Weeks,U95913677,A3725,SABADO,15:22,20:25
Isaiah Ortiz,U37647727,C8704,JUEVES,9:36,15:40
Drew Allen,U96236338,B5037,MARTES,5:34,21:26
Bo Wolf,U98461553,A4439,VIERNES,0:22,22:55
Molly Whitney,U68905518,B8999,LUNES,11:02,21:20
Avye Jimenez,U93034814,B7124,DOMINGO,3:58,10:33
Avram Nash,U46007895,B6371,LUNES,2:12,7:20
Bell House,U23562019,C4983,JUEVES,3:34,6:28
Victoria Jenkins,U32585671,B7299,SABADO,3:20,14:45
Vladimir Perry,U27755169,B9022,SABADO,8:09,10:58
Rigel Spears,U47337848,B2902,MIERCOLES,17:02,19:08
Xavier Richard,U20609974,A5464,SABADO,1:39,14:06
Travis Boyer,U86368205,A8428,DOMINGO,1:18,9:05
Solomon Torres,U69567706,B4031,VIERNES,11:23,20:07
Ali Carey,U46167299,B5156,LUNES,4:55,18:27
Nolan Conway,U51723117,B3694,MARTES,3:38,3:43
Otto Porter,U77166821,A6169,LUNES,7:44,21:58
Lester Carroll,U74957025,C3135,JUEVES,5:13,9:29
Deanna Berry,U32835842,B4081,SABADO,6:07,14:31
Ezra Paul,U90151807,B9417,MIERCOLES,12:36,16:57
Ivan Buckley,U84246483,C1227,MIERCOLES,14:35,15:08
Nina Foster,U89178854,C9313,MIERCOLES,3:42,22:15
Susan Mays,U75979044,B3409,VIERNES,7:44,15:59
Clark Figueroa,U66309237,A9476,DOMINGO,8:19,16:55
Donna Lott,U69529965,A2990,SABADO,9:43,13:34
Alan Farley,U40089104,C5003,MIERCOLES,7:36,15:06
Castor Small,U90904679,B1095,MIERCOLES,6:44,8:32
Shafira Jacobson,U49134293,B2362,DOMINGO,14:10,22:16
Charity Deleon,U69501018,A1995,MIERCOLES,21:42,22:47
George Mcdaniel,U90295416,C8662,DOMINGO,3:55,7:38
Allistair Lynn,U19880429,B4848,VIERNES,11:40,19:05
Lyle Briggs,U78239427,C7414,MARTES,4:28,5:56
Jillian Perkins,U98374307,B2089,VIERNES,15:09,20:03
Willa Simon,U25804378,B7687,VIERNES,10:15,22:02
Barclay Dickerson,U97810967,A2883,LUNES,6:23,17:46
Shaeleigh Holt,U47893140,C5628,JUEVES,9:12,18:45
Upton Barnett,U62998073,A2522,MARTES,10:25,15:01
Xander Barnes,U82568027,C8918,JUEVES,1:12,4:57
Zenaida Burnett,U63390397,C1657,DOMINGO,6:05,14:26
Dorian Kirby,U99693095,B1006,MIERCOLES,4:10,14:07
Tyrone Rivers,U89596913,C4577,DOMINGO,1:09,3:56
Ignatius Hensley,U68421925,C6683,JUEVES,14:41,18:10
Olga Franks,U97332982,C7393,JUEVES,12:32,18:41
Aaron Spears,U87432182,A9895,JUEVES,12:52,15:37
Jasper Paul,U43783197,B2239,MARTES,2:29,21:11
Derek Small,U28654876,A2484,LUNES,1:31,6:30
Baxter Gray,U47947104,A8250,JUEVES,12:29,17:26
Shea O'Neill,U68964599,A9721,LUNES,7:57,20:43
Patricia Maxwell,U93983168,A8706,SABADO,1:38,6:01
Lareina Mcbride,U31510190,A1524,MARTES,14:13,14:16
Nasim Burch,U85420593,B8298,LUNES,12:36,22:46
Henry Mason,U99549687,C3973,JUEVES,5:33,15:46
Felicia Tucker,U37027782,B1883,DOMINGO,8:33,22:19
Levi Pena,U12446146,B7408,MIERCOLES,1:38,8:43
Cally Aguilar,U66902142,B7741,MIERCOLES,13:00,14:30
Mari Pollard,U47851832,A6789,DOMINGO,3:09,21:35
Piper Moses,U92682806,A7691,MIERCOLES,4:17,8:20
Kylan Stephenson,U85187741,C5296,VIERNES,0:10,20:26
Lysandra Nielsen,U71742949,C1095,JUEVES,16:29,21:35
Amity Harrison,U95037723,A6816,MARTES,10:23,12:29
Nevada Mccarthy,U94005377,C5091,JUEVES,6:16,7:02
Clinton Harrison,U46521279,B9294,DOMINGO,1:04,19:46
Portia Lamb,U13400865,B2145,SABADO,3:29,19:22
Dai Hodge,U43935225,C4481,SABADO,5:01,21:47
Abraham Pollard,U28013642,A7069,LUNES,6:44,12:07
Ray Wall,U20114165,B8139,MARTES,15:57,18:06
Madonna Butler,U30262436,A7492,SABADO,9:23,18:31
Gil Mendoza,U85616871,C9919,VIERNES,3:24,18:03
Violet Schultz,U61094265,B8917,MARTES,9:54,15:45
Macy Paul,U31569008,B9967,MARTES,16:02,18:31
Ashely Clay,U79351518,A7288,LUNES,10:59,19:26
Judith Kinney,U25951283,C1285,LUNES,12:00,16:27
Denton Campos,U24405147,B4560,LUNES,5:19,15:46
Cyrus Ortega,U90031276,C5894,JUEVES,1:23,9:28
Noah Reid,U97144183,A3487,MIERCOLES,17:10,18:50
Ivor Holt,U38894642,A6125,DOMINGO,2:21,9:29
Yeo Battle,U93114781,A7548,LUNES,12:58,15:27
Dieter Hurley,U59240989,A4019,MARTES,0:51,3:31
Julie Lawson,U79225326,B2737,VIERNES,9:17,21:28
Frances Horton,U68004918,C3968,LUNES,4:49,8:36
Irene Good,U12588535,B5687,DOMINGO,13:03,15:23
Chaney Leach,U85048157,C6380,JUEVES,4:52,11:39
Paul Jennings,U97306597,B8202,MARTES,1:13,10:15
Ross Kennedy,U70695907,C6697,DOMINGO,1:14,14:52
Ferdinand Parks,U18658536,A4604,SABADO,8:53,21:51
Sheila Bernard,U31813625,A1064,JUEVES,2:45,11:17
Hanna Colon,U40307303,A7874,MIERCOLES,10:16,12:17
Cynthia Jefferson,U39975603,C8204,JUEVES,8:42,11:25
Teegan Wilcox,U45089484,C3449,MIERCOLES,1:42,18:02
Lillian Garrison,U71577226,A2104,MARTES,6:02,18:47
Mercedes Hunt,U76388514,B2356,VIERNES,2:29,10:41
Ashton Leonard,U84969869,A7042,MARTES,12:47,20:45
Jasmine Sanford,U96434019,B9733,JUEVES,8:29,17:21
Eleanor Leon,U63205892,B2887,SABADO,4:29,11:16
Addison Patton,U38413620,B2019,SABADO,7:42,19:38
Urielle Singleton,U14038584,C8572,SABADO,11:51,19:03
Scott Colon,U43203167,B2671,SABADO,15:59,16:30
Igor Guerrero,U25917187,B5380,DOMINGO,4:57,13:42
Yael Bush,U22950064,B7697,SABADO,15:51,19:06
Quail Alford,U51236044,A7914,LUNES,6:35,7:54
Kyle Perez,U80336591,A8206,VIERNES,5:48,14:08
Jackson Dean,U46277052,A8319,LUNES,4:26,17:31
Amir Cobb,U18171056,B7768,JUEVES,7:40,8:05
Vaughan Crosby,U53075693,B1292,JUEVES,0:50,19:25
Kitra Wheeler,U27131669,B9054,MARTES,8:13,16:40
Ginger Mason,U78662384,A5988,MARTES,16:43,17:42
Xena Willis,U51717278,B6676,LUNES,8:24,18:20
Herrod Sosa,U19350972,A9962,MARTES,2:43,8:21
Arthur Webb,U64481388,B2271,MARTES,3:24,21:16
Garrett Barnett,U13385277,C7456,SABADO,0:27,15:02
Lacota Moreno,U73584618,C6479,MARTES,4:28,18:22
Jacqueline Gilliam,U38462760,B5643,DOMINGO,9:33,14:12
Francis Reynolds,U76282270,C8686,MIERCOLES,0:24,2:23
Howard Martinez,U35297502,B3759,VIERNES,10:51,19:24
Minerva Garner,U45981162,B9046,JUEVES,8:59,17:21
Chiquita Justice,U65075923,C1347,LUNES,21:53,22:01
Miranda Wong,U63621339,B6280,MIERCOLES,16:01,17:09
Ifeoma Navarro,U69911404,A5549,MIERCOLES,0:00,8:27
Candace Leonard,U38857141,B9620,JUEVES,7:51,11:42
Judith Gutierrez,U32404015,A8315,JUEVES,3:36,10:14
Macon Porter,U48939404,B6481,MIERCOLES,11:31,12:53
Ramona Skinner,U66811046,B9755,LUNES,1:58,9:13
Rhoda Meyers,U72457134,C6662,JUEVES,15:51,17:32
Aladdin Crawford,U48990955,A6767,LUNES,3:20,3:29
Reuben Valenzuela,U36116234,B4145,VIERNES,5:39,18:52
Emi Phillips,U41449644,A9516,MARTES,6:09,11:38
Hop Bullock,U89107055,A4135,DOMINGO,9:49,17:48
Dane Atkins,U50460981,B2984,MIERCOLES,0:45,10:18
Eric Holder,U15585392,B8052,DOMINGO,10:42,11:24
Lilah Bush,U45582964,A5290,LUNES,1:56,22:48
Adria Suarez,U12876209,A1730,JUEVES,19:06,20:35
Willow Barrett,U15203475,B8131,SABADO,11:13,21:43
Adrienne Keller,U64227586,B1974,SABADO,0:25,0:31
Desiree Bates,U81073617,A2880,MIERCOLES,4:22,7:31
Doris Riddle,U67257387,C9612,MARTES,0:14,10:00
Leila Palmer,U46530787,A2886,VIERNES,9:02,20:54
Dean Lambert,U87819826,B5841,VIERNES,1:41,11:56
Dominique Burch,U26066566,A7611,JUEVES,0:47,10:00
Burke Hamilton,U80542154,A3477,DOMINGO,3:43,16:33
Phyllis Slater,U28337262,A8037,DOMINGO,4:05,16:53
Octavius Bell,U46783284,A8635,DOMINGO,3:01,14:30
Skyler Zimmerman,U17308855,A3498,DOMINGO,7:52,17:29
Sylvester Hodge,U60318368,B9821,MARTES,2:01,14:10
Jared Gill,U65003361,C9540,LUNES,5:14,19:30
Leila Jenkins,U49151604,A2802,SABADO,6:22,14:21
Wynne Rowland,U24144634,A1492,MIERCOLES,8:29,16:28
Gloria Sargent,U83730652,C8206,JUEVES,4:39,14:57
Walker Freeman,U64250912,C6215,LUNES,8:30,9:03
Quamar Farmer,U95068983,A1158,VIERNES,7:43,13:05
Nash Lindsey,U86197997,A4518,VIERNES,11:20,16:46
Brent Todd,U31814261,C4021,MARTES,2:46,3:25
Rahim Cain,U20655155,C7668,VIERNES,8:10,21:26
Ruth Blevins,U27486829,C3407,VIERNES,2:34,5:39
Brett Wilcox,U90517077,C7428,LUNES,11:11,15:21
Ifeoma Whitehead,U12390013,C6123,MIERCOLES,5:40,12:07
Kerry Stark,U26098948,C6489,MIERCOLES,2:58,5:06
Oscar Hardin,U16424294,B6597,JUEVES,14:05,18:25
Geoffrey Patel,U45262164,C3945,DOMINGO,1:06,8:32
Alden Armstrong,U68438705,A4513,LUNES,3:36,12:02
Noelle Mason,U70686088,C8735,MIERCOLES,13:49,18:52
Harper Aguilar,U16565547,C9554,LUNES,2:29,20:39
Alana Thornton,U84033122,A2315,SABADO,13:18,14:28
Joseph Frank,U28736236,A4241,VIERNES,6:17,9:42
Branden Powell,U93275889,A3362,DOMINGO,10:57,13:22
Garth Madden,U62732167,A6533,SABADO,5:43,14:37
Winifred Curtis,U30719316,B8620,JUEVES,13:25,20:53
Orli Haley,U69388788,C2677,SABADO,8:36,10:27
Colorado Henson,U29257978,A1767,LUNES,4:52,9:37
Celeste Espinoza,U53252469,A7147,SABADO,0:29,18:55
Shaine Shelton,U56317687,C3137,VIERNES,4:49,4:51
Malcolm Silva,U23230700,C6022,VIERNES,9:03,15:44
Chandler Neal,U18538745,A2304,SABADO,5:59,12:44
Leigh Collins,U59054338,C6428,DOMINGO,2:16,9:38
Rhiannon Briggs,U59141648,C7670,MARTES,14:15,17:47
Bruce Beach,U91168041,C2962,JUEVES,3:49,17:33
Reese Sandoval,U92053035,B7992,DOMINGO,4:45,20:12
Timothy Fowler,U71294210,A8341,VIERNES,14:18,18:36
Akeem Hartman,U36225097,C4212,LUNES,4:40,18:13
Jessamine Reilly,U12423173,B6944,MARTES,12:33,20:26
Dawn Dodson,U98115643,C6623,MARTES,11:18,19:33
Asher Benjamin,U26101743,C9020,VIERNES,2:43,11:21
Erasmus Atkinson,U87387374,B7704,VIERNES,7:37,17:33
Elizabeth Langley,U83177524,A3067,JUEVES,6:21,10:41
Brenna Bennett,U16409149,B5782,DOMINGO,13:33,17:57
Gavin Farley,U44933090,C3729,VIERNES,5:38,21:37
Chava Wheeler,U21370453,B5642,JUEVES,5:34,15:09
Ima Delaney,U74975731,B6596,MARTES,6:19,10:50
Wylie Wong,U27405982,A7946,SABADO,17:39,22:47
Amir Harrington,U98730800,B4822,SABADO,4:26,20:03
Susan Sykes,U41735583,B3259,VIERNES,5:01,15:22
Baxter Mueller,U64763765,C5138,JUEVES,0:18,12:02
Ruth Mullen,U27079801,C2964,SABADO,9:51,21:28
Demetria Lee,U48357567,C5896,LUNES,2:55,13:24
Louis Duncan,U75803721,A8928,JUEVES,6:13,18:48
Darrel Stark,U79629154,A3012,MARTES,3:51,8:27
Felix Rutledge,U82766208,A7587,SABADO,17:07,18:06
Aurora Talley,U28342514,C3750,SABADO,3:40,14:28
Dara Reid,U20503610,A1845,LUNES,7:28,11:38
Kylynn Hayden,U67837348,A1378,SABADO,6:08,14:41
Kerry Callahan,U12534598,A3862,VIERNES,2:55,20:10
Amena Snyder,U29623335,A8861,JUEVES,15:42,20:29
Jacob Ball,U31123660,A2636,SABADO,8:33,17:19
Ryder Casey,U82546263,A6962,DOMINGO,2:55,14:53
Shay Keller,U78682678,B6018,SABADO,1:05,22:45
Kennedy Morin,U89770673,A1807,MARTES,11:53,16:45
Ariana Buckley,U46582945,C4163,MARTES,3:28,18:46
Oliver Hancock,U55920981,B7712,JUEVES,10:55,17:01
Heidi Cook,U15793530,C5430,MIERCOLES,5:17,19:03
Henry Hewitt,U89719913,A1719,SABADO,2:11,22:21
Elijah England,U49212056,C2691,SABADO,6:34,18:06
Yuri Vaughan,U12200499,B9750,MARTES,4:30,16:48
Eliana Johns,U47076095,C4026,LUNES,5:29,22:09
Amela Montoya,U40467989,C9591,LUNES,13:35,17:14
Regan Finley,U45666146,C4643,JUEVES,7:04,11:24
Stone Atkinson,U48988916,C9802,DOMINGO,1:14,8:54
Alan Foster,U33764488,B3806,LUNES,5:19,19:09
Dean Rogers,U53213922,A9413,MIERCOLES,0:29,3:56
Scarlett George,U86504478,B9965,VIERNES,17:13,18:32
Claudia Dale,U33345941,A5964,VIERNES,2:27,16:02
Jesse Koch,U27266806,C7567,DOMINGO,0:14,22:16
Hector Wagner,U59897434,A8543,JUEVES,17:15,22:39
Raja Wright,U53825569,C9268,SABADO,10:17,16:21
Chandler Myers,U77067694,B1263,DOMINGO,1:52,5:07
Clinton Marshall,U23339018,B6608,JUEVES,10:59,19:17
Daquan Mccarthy,U79328499,B8915,LUNES,4:49,13:40
Shoshana Valencia,U39521717,C9646,MARTES,3:11,8:26
Thane Wong,U29506564,C5628,MIERCOLES,1:12,8:03
Tyrone Church,U10313032,C9455,JUEVES,0:08,3:04
Olivia Hanson,U32045631,B1354,MARTES,1:53,8:31
Bryar Underwood,U34355428,C1327,MARTES,6:35,9:42
Tobias Stuart,U51268813,C5264,VIERNES,5:26,14:30
Illiana Riddle,U74619594,C9605,VIERNES,15:44,18:27
Yoshio Dodson,U44953294,B6423,DOMINGO,2:44,18:53
Kellie Mcmillan,U97525404,A4289,MIERCOLES,10:03,19:24
Clayton Maldonado,U27806001,C4743,SABADO,10:11,16:44
Sade Rutledge,U30856904,B6122,JUEVES,15:02,22:25
Dexter Nunez,U74294063,A1727,VIERNES,0:59,19:57
Drake Mcguire,U96765752,A9907,MIERCOLES,16:45,22:15
Marsden Peck,U89008960,C9848,SABADO,3:29,11:04
Ramona Ochoa,U32303299,A6762,MARTES,2:35,13:44
Deanna Watts,U65243023,A3444,JUEVES,2:08,16:52
Howard Clemons,U54548097,B2091,MIERCOLES,17:27,21:02
Lionel Bruce,U15541395,A7637,VIERNES,7:04,7:37
Neil Ramirez,U31096760,B3059,SABADO,7:42,14:33
Mufutau Goodwin,U76435224,C6241,LUNES,13:38,19:35
Kellie Copeland,U43609768,C6902,VIERNES,4:50,5:16
Xandra Jacobs,U48072074,C6509,MIERCOLES,18:37,20:24
Trevor Wiley,U74804221,B9212,DOMINGO,0:10,10:51
Ursula Vaughn,U20491034,B2248,DOMINGO,2:56,21:31
Maris Morse,U89145291,C6618,MIERCOLES,7:20,9:43
Oprah Reynolds,U12722919,C7092,VIERNES,8:42,17:17
Allistair Compton,U60846402,C7679,DOMINGO,14:59,18:32
Shoshana Burks,U49190831,A2992,MARTES,0:43,1:37
Lars Booth,U96972790,C5628,SABADO,4:45,19:51
Neil Lowery,U71751558,A7766,LUNES,8:49,16:12
Wynter Frederick,U17670554,A3168,SABADO,11:36,12:27
Gil Sanders,U50585763,C3160,JUEVES,8:39,9:24
Macon Ware,U58381791,A8710,DOMINGO,6:15,18:16
Charde Montoya,U26549331,C2519,MARTES,6:47,13:28
Yoko Moss,U35013876,C7865,JUEVES,3:50,12:55
Helen Long,U71049074,B7481,JUEVES,12:36,16:02
Darryl Swanson,U80630533,A6920,VIERNES,8:56,9:13
Sade Macias,U81200790,A7228,LUNES,9:07,21:17
Aidan Dejesus,U86220533,B4021,DOMINGO,1:13,15:35
Lunea Bray,U42884889,B8603,JUEVES,0:55,10:38
Magee Mejia,U60901579,C7423,DOMINGO,5:13,6:05
Cody Blake,U25890608,A4646,JUEVES,13:29,18:16
Edan Rojas,U33004953,B7078,LUNES,1:33,22:35
Ariel Lindsay,U92214845,C6065,VIERNES,15:54,18:08
Giselle Payne,U46223298,C3447,VIERNES,11:29,18:51
Amal Spence,U93130817,A1035,LUNES,14:41,20:21
Dean Horton,U58788721,B5177,JUEVES,4:15,21:22
Althea Hensley,U63057649,A2549,MIERCOLES,16:37,21:13
Chaim Shepherd,U52761007,A3804,DOMINGO,1:58,2:33
Patricia Alexander,U54780609,B6393,MARTES,11:27,22:26
Lisandra Benton,U89235361,B9683,SABADO,3:56,16:42
Gloria Stein,U66254116,C7003,SABADO,5:39,9:55
Elmo Mcbride,U17689294,B1127,JUEVES,4:58,6:45
Alexander Newton,U41002777,C1295,MARTES,0:23,1:05
Serena Goodman,U85244250,B6448,LUNES,8:22,13:53
Cole Stone,U35224116,B9385,VIERNES,1:26,7:35
Lars Riggs,U49789056,C2237,MIERCOLES,5:00,16:13
Serina Ochoa,U31446132,B2675,JUEVES,0:26,2:32
Alexandra Reed,U27275391,C5576,MIERCOLES,11:13,15:52
Keelie Oneil,U16549897,A6443,LUNES,6:48,20:47
Ronan Browning,U96165089,C4957,MARTES,20:46,22:47
Astra Hooper,U52562292,B4915,VIERNES,5:00,6:42
Gail Walls,U23506244,C6599,DOMINGO,3:12,19:14
Kasper Byrd,U87581730,C8093,JUEVES,17:43,20:12
Audrey Rosario,U66030375,C5202,MARTES,13:22,13:44
Tyrone Henderson,U86717595,B9641,LUNES,4:15,10:22
Jenna Mann,U11983828,A4076,LUNES,10:30,18:27
Mira Delacruz,U13791607,C1516,DOMINGO,4:16,13:24
Boris Monroe,U73724980,B6921,LUNES,8:28,9:40
Yardley Chen,U13442981,A3962,MIERCOLES,3:13,12:36
Sybil Wolfe,U44654164,B6916,MIERCOLES,0:00,13:42
Hannah Potts,U79802515,B2022,VIERNES,3:02,11:02
Galena Dawson,U89664860,B1474,JUEVES,12:22,13:49
Buckminster Mccoy,U96104263,A8150,JUEVES,13:15,21:02
Nina Mcleod,U24022686,B2938,SABADO,5:28,17:36
Odette Harmon,U40560481,A6884,JUEVES,9:04,9:39
Catherine Walker,U33240222,B4149,DOMINGO,2:47,8:45
Gay Valdez,U63481214,C6976,DOMINGO,9:11,15:13
Sandra Gilliam,U60126320,B4794,MIERCOLES,14:46,18:44
Alan Powers,U13447217,A8287,MARTES,4:12,7:06
Daquan Chandler,U83925414,C3046,LUNES,11:51,21:58
Cecilia Langley,U76205783,B6794,LUNES,6:16,10:30
Bertha Caldwell,U25990613,A4713,SABADO,0:37,20:41
Mona Moreno,U11972134,C7129,JUEVES,3:21,14:39
Lucas Sosa,U73841339,A9581,JUEVES,19:40,20:32
Kessie Huff,U98379534,C2231,MARTES,5:28,16:16
Leroy Rutledge,U79922636,A7304,SABADO,7:59,17:53
Ali Oneil,U93007422,A5514,LUNES,12:34,14:42
Len Harding,U53020165,C8321,DOMINGO,9:30,22:07
Keefe Macdonald,U14864064,A5101,VIERNES,5:27,5:54
Samantha Bullock,U51178904,A4092,SABADO,4:19,20:58
Aurora Hunter,U21916679,C6538,MARTES,9:21,10:18
Haviva Jensen,U14598998,A8296,DOMINGO,9:38,13:56
Brenden Slater,U21153523,A7433,MARTES,14:47,16:52
Guinevere Shields,U43147200,B7694,VIERNES,3:31,12:40
Upton Sexton,U34234302,A4522,LUNES,14:19,16:03
Joseph Sears,U61873221,A5670,DOMINGO,5:37,15:29
Eaton Emerson,U55726445,A3183,SABADO,22:10,22:26
Keith Lawrence,U98596048,B8084,SABADO,11:24,18:13
Timothy Sanchez,U74329977,A6761,SABADO,7:08,13:03
Shay Fox,U64822791,A6135,JUEVES,4:22,10:12
Perry Cardenas,U81505254,B8123,MARTES,2:35,18:44
Clare Hays,U91460789,C6674,MIERCOLES,1:49,17:35
Quentin Flowers,U18124661,A5114,VIERNES,18:15,20:32
Quinlan Shields,U35333712,B7224,DOMINGO,18:49,22:45
Kevyn Ball,U57103651,B5184,MARTES,15:19,21:19
Maxwell Church,U38830996,A1508,DOMINGO,10:01,13:50
Oleg Reese,U99116754,C9704,LUNES,15:35,15:41
Mara Barber,U38263395,C5816,JUEVES,7:57,9:41
Nicole Hayes,U45136087,B2157,MIERCOLES,7:28,8:10
Wesley Abbott,U23087596,B6580,DOMINGO,2:02,12:47
Cullen Jimenez,U31974904,C8397,JUEVES,2:11,9:00
Hilda Rice,U53943344,C7228,LUNES,19:46,20:24
Keefe Benson,U65707907,B4543,JUEVES,6:27,21:12
Uma Kirk,U82276994,B4294,DOMINGO,12:54,18:10
Brynn George,U92724984,B1541,DOMINGO,0:11,12:23
Marshall Duran,U33051201,B5872,LUNES,3:04,7:00
Hoyt Charles,U80690487,B9887,LUNES,9:11,17:11
Janna Fuentes,U86708161,A6757,JUEVES,5:57,21:03
Illiana Doyle,U26865465,C8094,DOMINGO,18:51,21:37
Chase Hull,U67868662,A2197,SABADO,3:06,15:16
Morgan Mckenzie,U65495463,A2342,VIERNES,11:07,12:14
Colt Dillard,U36040236,A8956,MARTES,2:24,18:52
Jermaine Pena,U43927045,A1595,JUEVES,2:59,14:28
Kieran Fox,U68216561,B9114,MIERCOLES,1:38,16:12
Lionel Walls,U93180710,B6219,MARTES,1:09,4:12
Hyatt Dickerson,U55399691,B4808,MIERCOLES,0:00,16:27
Gavin Stokes,U63759369,A1610,DOMINGO,4:27,18:16
Warren Warren,U41246789,A7427,MIERCOLES,4:29,11:02
Wynne Alston,U93374299,C3071,VIERNES,1:31,9:02
Dean Dickson,U36728745,C1633,SABADO,0:43,12:39
Castor Garrison,U30862869,A6143,VIERNES,10:34,18:23
Daquan Parker,U55512153,C6334,MARTES,9:25,19:05
Chester Mckenzie,U69488614,C7145,JUEVES,1:13,4:12
Leo Thompson,U39472438,C8439,LUNES,16:59,20:16
Kamal Baldwin,U39158077,A6434,VIERNES,3:13,6:41
Tanner Chase,U70988888,C6117,VIERNES,3:43,19:35
Blossom Hendrix,U26709680,A1242,LUNES,0:45,9:28
Sasha Cervantes,U12717208,B4265,SABADO,6:01,10:57
Amber Irwin,U25035353,C8929,SABADO,11:44,17:26
Mariam Villarreal,U13761399,A8266,SABADO,0:32,5:06
Harrison Bates,U23005472,A4940,VIERNES,1:48,17:59
Quemby Curry,U46983169,C8342,MARTES,9:32,11:03
Hadassah Walton,U55808055,A6337,LUNES,5:44,7:33
Sara Hogan,U63743266,B2018,VIERNES,15:14,20:41
Abbot Barrett,U63365499,C2769,SABADO,1:49,9:43
Wyatt Albert,U67360177,C1779,VIERNES,6:48,9:55
Rashad Jennings,U13752064,C4848,MIERCOLES,1:49,20:18
Kiara Bowen,U99904433,B1581,MARTES,3:13,20:39
Cameran Decker,U80076209,B4838,MIERCOLES,5:36,15:21
Mona Hickman,U49578438,C3062,MARTES,2:33,13:56
Preston Kline,U62425597,A3999,MIERCOLES,2:54,17:40
Nicholas Harrell,U19830069,C7138,MIERCOLES,2:24,5:24
Xander Ruiz,U21671660,A6941,LUNES,3:09,8:08
Cathleen Lindsey,U26828519,B9302,SABADO,8:23,16:38
Ramona Preston,U65366012,C1898,MIERCOLES,4:09,17:47
Andrew Kim,U68855606,B1059,MARTES,12:09,15:37
Kibo Wright,U74632919,A5862,DOMINGO,0:00,2:13
Axel Fulton,U28862860,A2524,LUNES,2:50,11:34
Tiger Dudley,U46577074,C3909,DOMINGO,2:53,10:38
Sawyer Valdez,U84797763,C4843,LUNES,4:50,14:00
Alyssa Puckett,U18466807,C3764,SABADO,4:51,7:48
Philip Roy,U38668480,C7376,SABADO,7:39,16:57
Amela Mcgowan,U74197624,B1806,JUEVES,16:26,22:01
Ebony Villarreal,U18730791,C7948,LUNES,11:44,22:05
Regan Osborn,U47165221,B9747,MARTES,0:48,15:24
Sopoline Chang,U39243661,C3388,MARTES,11:08,13:55
Tanisha Madden,U53926015,A7415,SABADO,0:55,13:39
Tyler Chandler,U33551882,A1612,JUEVES,14:59,22:26
Indira Chapman,U51161460,A5303,JUEVES,8:23,8:42
Nell Griffith,U31664719,B5925,MARTES,9:03,9:39
Yen Hurley,U52913872,A6518,VIERNES,13:32,13:41
Caryn Conner,U76430757,B3143,LUNES,15:23,18:13
Emmanuel Mcintosh,U52849704,A5524,MARTES,0:31,22:57
Lilah Franco,U82240055,C9515,MIERCOLES,11:44,15:35
Zorita Clements,U52276809,B4572,JUEVES,3:50,5:44
Ella Solis,U66629422,B9359,DOMINGO,5:16,21:32
Yoshio Valdez,U10930655,C1999,LUNES,9:20,18:36
Gareth Watson,U26490180,C8636,VIERNES,17:04,18:56
Kirby Strong,U78592969,A3141,JUEVES,5:36,16:18
Buckminster Hill,U20278942,A8417,MIERCOLES,9:16,10:07
Kiayada Pruitt,U32829917,C4437,JUEVES,3:46,19:22
Kenyon Maxwell,U41724465,B7814,MIERCOLES,5:09,9:30
Julie Vang,U64863072,A3213,VIERNES,15:27,17:04
Palmer Holder,U87989040,C7677,VIERNES,11:28,21:29
Melissa Wolf,U27847358,B4098,JUEVES,15:41,21:14
Kaitlin Murray,U70439457,A1219,VIERNES,10:33,14:12
Jesse Randall,U38265751,A8968,VIERNES,17:58,21:22
Pandora Crane,U29463123,C9415,MIERCOLES,10:06,15:12
Slade Schmidt,U33512970,C4244,SABADO,2:24,22:30
Zenaida Moreno,U66080908,C5161,MARTES,1:34,5:05
Delilah Mann,U96332423,A6720,LUNES,10:40,13:06
Nola Tran,U87388054,A6346,VIERNES,7:21,19:37
Tucker Kerr,U81447756,C8733,DOMINGO,4:36,19:17
Kato Cooper,U24312688,B7343,SABADO,4:14,15:06
Brett Mcconnell,U26703453,B1987,LUNES,7:03,20:04
Hanna Cunningham,U91947770,B1696,LUNES,7:44,14:40
Demetrius Banks,U76662606,B9821,DOMINGO,1:55,16:16
Deirdre Cook,U96726285,B5069,MARTES,5:26,13:55
Abdul Goff,U65422678,A5624,DOMINGO,8:20,10:32
Christopher Lancaster,U23636535,C9348,MIERCOLES,0:27,16:46
Curran Haley,U91434109,C4607,DOMINGO,1:30,11:31
Cailin Clark,U64086166,B7866,MARTES,11:08,16:53
Kristen Elliott,U35800287,C8767,VIERNES,3:53,20:10
Griffith Mcgowan,U18064163,B4766,MIERCOLES,6:13,20:30
Porter Newton,U30777156,B7895,MARTES,5:14,16:58
Brynne Frost,U72957885,C2459,JUEVES,2:18,14:12
Adria Griffith,U87717566,C8848,DOMINGO,11:00,13:01
Trevor Leblanc,U41010170,C9496,MARTES,6:31,11:48
Keith Sampson,U63778700,C3161,DOMINGO,4:53,5:56
Montana Cleveland,U35247857,B8148,DOMINGO,10:53,12:56
Jeanette Holder,U91949471,A8466,JUEVES,2:56,3:00
Maris Vaughan,U37074544,C8133,MIERCOLES,2:14,21:12
Neve Sanford,U90079403,A4408,SABADO,2:16,22:35
Ursa Hunter,U35324203,B3507,VIERNES,0:57,22:54
TaShya Reilly,U72307111,C8592,SABADO,12:01,20:18
Jackson Morin,U18118311,B1954,VIERNES,0:36,1:38
Erin Lewis,U29907937,B4901,SABADO,1:58,8:01
Kevyn Burt,U77862233,B5760,MIERCOLES,10:47,13:15
Gillian Keller,U97348804,C5117,LUNES,9:53,14:18
Todd Espinoza,U52189677,A4983,DOMINGO,7:54,15:34
Reese Hopper,U49575232,B7955,MIERCOLES,4:57,19:13
James Ramirez,U22391662,C3096,MIERCOLES,11:18,11:46
Sylvia Mercado,U64071150,C3111,JUEVES,17:49,19:39
Marshall Berry,U49076800,B4660,MIERCOLES,0:51,9:43
Kelsey Reid,U12604243,A8344,SABADO,3:04,14:32
Philip Jacobs,U61340026,B6266,SABADO,0:20,6:53
Lael Hicks,U75661814,B6461,VIERNES,5:00,8:21
William Leon,U74112687,C1290,MIERCOLES,0:42,16:18
Rowan Mccall,U66610254,A9690,MARTES,1:38,21:55
Patrick Barber,U57346952,A6264,DOMINGO,2:25,19:14
Idona Macdonald,U48476390,B5772,SABADO,10:23,21:56
Hayfa Shannon,U97480998,A7934,SABADO,6:41,22:44
Jackson Walters,U44029994,B7627,MARTES,7:32,7:59
Amber King,U35992049,C2885,SABADO,2:29,21:02
Griffith Valencia,U87070321,A2532,MIERCOLES,6:41,15:21
Moses Christensen,U62533374,C4850,SABADO,2:47,12:05
Georgia Burks,U11392249,A4940,JUEVES,3:12,14:24
Hunter English,U11310071,B1524,LUNES,0:01,0:39
Quinn Roberson,U23917630,A7407,LUNES,8:49,21:51
Ila Rivera,U43255377,C6027,JUEVES,14:54,20:40
Andrew Cameron,U94130009,A6644,LUNES,4:23,18:23
Zelenia Riggs,U32900283,A3242,VIERNES,4:21,9:58
Medge King,U86332005,A2061,JUEVES,19:20,20:08
Lynn Peterson,U49330525,A9480,SABADO,11:49,17:21
Grace Mann,U84012341,C4216,VIERNES,13:59,17:57
Galena Barr,U55712942,B9699,VIERNES,12:10,15:23
Kiona Riggs,U59795928,C8430,JUEVES,0:43,20:47
Lynn Walters,U67413660,A3599,MARTES,8:02,13:46
Galena Britt,U56224132,A1013,MARTES,2:58,3:28
Edward Skinner,U54932622,B8018,JUEVES,0:35,1:03
Alden Mcfarland,U38354489,A9934,VIERNES,18:40,21:35
Aladdin Wynn,U72104619,A3408,JUEVES,7:01,8:44
Thomas Carney,U91441513,B3530,SABADO,4:07,5:48
Jordan Booker,U41757858,C5587,SABADO,2:58,13:24
Davis Nixon,U73796935,C4405,SABADO,13:09,16:50
Cassandra Mcmillan,U13940056,C9732,JUEVES,0:32,6:22
Genevieve Ware,U78410858,B5845,MIERCOLES,10:29,21:24
Dylan Holt,U89089306,B1007,JUEVES,5:42,8:51
Althea Taylor,U59090705,B2212,DOMINGO,9:13,20:50
Rhonda Zamora,U39346767,A8448,MIERCOLES,18:07,19:20
Ignacia Wolf,U58634093,C9924,MIERCOLES,10:25,19:02
Quintessa Mckinney,U53048521,C1476,DOMINGO,4:17,8:01
Demetrius Berg,U82328123,C3356,SABADO,13:56,20:00
Cullen Davenport,U88959334,C9576,VIERNES,10:10,17:28
Jana Phillips,U22247086,B1522,LUNES,3:50,5:51
Kameko Lindsey,U41267566,B9061,VIERNES,3:33,19:16
Yuli Pitts,U43224661,A5406,MIERCOLES,6:21,10:28
Clare Donovan,U96187634,C9561,MIERCOLES,22:24,22:28
Fredericka Jordan,U56077524,C1508,DOMINGO,12:42,21:18
Ciaran Head,U36824802,B3089,MIERCOLES,2:49,3:56
Hector Barber,U94263168,C9675,JUEVES,0:48,0:53
Constance Lowery,U11346438,B3705,VIERNES,0:48,5:25
